Id,ContactBookId,CompanyId,Name,Phone,Email,Address
1,4,3,Donovan Galloway,(562) 532-7317,integer.sem.elit@protonmail.edu,"P.O. Box 665, 703 Interdum Street"
2,2,9,Lois Kirby,1-262-615-7918,vel.pede@icloud.ca,2844 Magnis Ave
3,7,5,Lunea Mckenzie,1-276-722-5491,integer@protonmail.org,"P.O. Box 381, 5365 Lacinia St."
4,8,5,Cody Meyers,(818) 475-3137,non@yahoo.org,654-4349 In Street
5,2,1,Demetrius Velez,1-345-712-1373,arcu.eu.odio@hotmail.couk,3500 Risus St.
6,9,2,Amos Buckner,1-203-377-4142,eleifend.egestas@outlook.couk,"P.O. Box 710, 2193 Ut Rd."
7,2,7,Mary Medina,(724) 468-5571,sed.pede@aol.com,"P.O. Box 842, 9270 Egestas St."
8,8,8,Nissim Gross,1-337-453-8862,aenean.sed@protonmail.ca,860-8850 Velit. St.
9,8,4,Keegan Perry,(911) 620-2226,risus.duis@aol.ca,472-1755 Libero Avenue
10,10,9,Rashad Yates,1-533-868-3321,in.ornare@yahoo.net,3270 Mi St.
11,0,2,Dominique Dejesus,1-129-142-3217,neque.sed@outlook.edu,"732-5052 Augue, Rd."
12,3,7,Oliver Tyson,(616) 331-3562,nec.ante@aol.net,"Ap #401-1214 A, Rd."
13,8,3,Brianna Puckett,(589) 534-2645,eu.arcu.morbi@google.edu,305-2671 Aliquam Avenue
14,4,3,Nayda Guerrero,(466) 888-5614,fermentum.vel@hotmail.ca,Ap #194-619 Pede. Rd.
15,10,5,Samantha Stuart,(435) 730-6754,nisl.sem@outlook.ca,"104-1933 Vulputate, Avenue"
16,7,8,Audrey Walker,(960) 678-4427,justo.faucibus@protonmail.org,Ap #955-6925 Cum Road
17,4,4,Harper Cooke,(739) 273-5515,nonummy.ac@hotmail.org,296-8535 Leo Ave
18,5,5,Dante Pierce,(578) 126-2344,eu.tempor@google.couk,1153 Leo. Street
19,2,2,Derek Deleon,1-853-957-7246,duis@icloud.edu,Ap #468-7123 Donec Street
20,8,7,Alvin Booth,(183) 883-0789,ligula@hotmail.edu,"P.O. Box 724, 9445 Mauris Ave"
21,10,5,Macon Hatfield,1-218-321-7862,ipsum.nunc.id@yahoo.com,"Ap #866-536 Id, St."
22,2,4,Miranda Holland,1-855-809-4453,ut.aliquam.iaculis@yahoo.ca,"P.O. Box 829, 1506 Lorem, Avenue"
23,1,1,Hayden Bond,(210) 721-0615,lobortis.tellus.justo@outlook.com,"Ap #627-4605 Eleifend, St."
24,8,5,Alden Solomon,(856) 713-4631,tempor@yahoo.org,Ap #442-8423 Velit Av.
25,7,8,Savannah Bean,(666) 527-0729,justo.proin@yahoo.couk,Ap #685-1612 Libero St.
26,5,4,Orli Ferguson,(369) 392-7844,mauris@yahoo.net,745-8770 Enim. Street
27,4,2,Keith Watson,(753) 748-3467,non@aol.org,Ap #613-3520 Tincidunt Rd.
28,1,0,Ruth Wells,1-512-776-6788,ut.semper@aol.net,Ap #208-3887 Egestas Avenue
29,8,8,Yael Cabrera,1-762-241-7835,sociis.natoque.penatibus@google.net,812-1833 Posuere Ave
30,3,10,Cara William,(676) 312-4350,dictum@protonmail.org,Ap #136-7791 Nullam St.
31,0,8,Valentine Abbott,(817) 793-8580,donec@outlook.org,412-4998 Egestas St.
32,3,4,Rhonda Johns,(736) 352-5220,malesuada.malesuada@protonmail.com,"P.O. Box 330, 4715 Mattis Rd."
33,7,0,Cade Ramsey,(217) 565-8666,neque.sed@yahoo.net,"P.O. Box 578, 5225 Semper Road"
34,2,1,Chava Roach,(446) 417-4527,aenean.eget@icloud.com,8343 Ut Ave
35,9,5,Guy Kane,(125) 569-8166,eu.enim.etiam@yahoo.org,886-5303 Porttitor Rd.
36,2,9,Davis Hatfield,(765) 421-4441,augue.porttitor@aol.ca,1921 Mauris Avenue
37,3,8,Robert Kemp,(316) 643-8368,amet.ornare@outlook.org,"605-3774 Purus, Av."
38,1,7,Kasper Holder,1-943-880-8461,sed.dolor@yahoo.couk,"P.O. Box 216, 9501 Dolor. Rd."
39,6,2,Sacha Hardy,1-442-147-5336,gravida.mauris@aol.org,"P.O. Box 762, 5338 Neque Rd."
40,1,4,Murphy Trujillo,(172) 983-1063,consectetuer.euismod@google.org,Ap #419-4868 Sed Rd.
41,9,3,Yoshio Burks,1-562-962-5095,at.pretium@aol.couk,9988 Etiam Street
42,9,4,Macaulay Collins,1-287-973-2662,neque.venenatis.lacus@hotmail.net,"801-9936 Scelerisque, Av."
43,9,5,Juliet Wyatt,1-117-362-5812,pharetra@protonmail.org,"P.O. Box 464, 3291 Vitae Avenue"
44,4,7,Christopher Foley,(753) 773-2634,vel@aol.ca,557-9674 Imperdiet St.
45,9,2,Dalton Short,(275) 401-5147,dui.cum@outlook.org,"Ap #486-9703 Vitae, Rd."
46,2,4,Chadwick Mullins,1-417-755-8475,tempor.lorem@yahoo.org,"134-1744 Id, Road"
47,5,8,Ainsley Stein,(314) 755-1221,nonummy@aol.org,"P.O. Box 772, 7603 Integer St."
48,5,3,Henry Russo,(484) 592-1775,imperdiet.dictum@aol.org,"P.O. Box 578, 5864 Iaculis Ave"
49,7,10,Hashim Bauer,1-864-432-6991,ante.ipsum.primis@google.org,203 Dignissim. St.
50,7,8,Ashely Gregory,1-388-884-8346,euismod.ac.fermentum@yahoo.org,"P.O. Box 305, 2908 Pharetra, Street"
51,4,0,Claire Knight,(292) 355-6741,egestas.a@google.ca,"Ap #572-9278 Erat, Av."
52,6,2,Ebony Valentine,(691) 422-3762,posuere.enim.nisl@aol.ca,"Ap #376-3327 Lectus, Road"
53,2,9,Jarrod Contreras,1-647-226-7726,nam.ligula@aol.net,Ap #330-8137 Neque Road
54,2,8,Evelyn Sanders,(455) 437-3230,ipsum.suspendisse@yahoo.org,Ap #451-2534 Iaculis Av.
55,8,0,Justin Mayo,(351) 246-9317,blandit.viverra.donec@icloud.net,"534-1723 Et, Rd."
56,8,2,Lenore Riley,1-627-187-8424,fermentum.risus.at@icloud.ca,571-310 Nunc St.
57,9,3,Dai Fletcher,1-232-444-0840,auctor.mauris.vel@yahoo.net,Ap #438-2272 Vitae Ave
58,5,1,Maile Shaw,(848) 875-6281,amet.diam.eu@aol.org,361-7760 Sed Avenue
59,8,6,Cassandra Santos,(727) 249-9329,duis.volutpat.nunc@icloud.couk,Ap #862-3331 Ultricies Street
60,7,8,Sierra May,(955) 485-4388,taciti.sociosqu.ad@aol.edu,"6141 Non, St."
61,0,4,Stewart Blair,1-140-317-1289,vestibulum.ut@aol.com,691-9830 Diam. Av.
62,5,3,Sylvester Holt,1-447-228-5271,vitae@protonmail.ca,635-8831 Ac Av.
63,8,7,Erica Greer,1-388-710-2473,amet@yahoo.org,813-680 Ac St.
64,3,7,Hayfa Reid,1-198-288-8552,nec.tellus@hotmail.org,491-3881 Vulputate Rd.
65,8,7,Constance Cruz,(646) 493-5491,quisque.ornare.tortor@protonmail.com,978-6376 Pharetra Road
66,8,7,Allen Talley,(125) 738-7358,proin@yahoo.net,Ap #419-1216 Egestas. Street
67,6,3,Athena Mccarty,(618) 436-5217,nibh@icloud.edu,"P.O. Box 177, 2400 Venenatis Rd."
68,6,7,Jamal Kline,1-461-741-9609,pellentesque.eget@aol.ca,"P.O. Box 134, 3775 Porttitor Road"
69,3,4,Delilah Bryan,(227) 308-3126,neque.sed@icloud.org,"P.O. Box 811, 2532 Iaculis, Rd."
70,0,6,Teagan Delgado,(261) 721-1448,vestibulum.ut@icloud.couk,507-350 Dictum St.
71,9,1,Francesca Orr,(551) 114-7544,lorem.ipsum@aol.couk,Ap #688-6435 Morbi Avenue
72,4,2,Gil Bonner,(324) 856-7135,tristique.senectus.et@icloud.org,3596 Risus. Ave
73,9,9,Bree Gamble,1-532-752-5412,interdum.enim.non@outlook.edu,1908 Eu Ave
74,4,3,Byron Cherry,(290) 966-1461,aenean.gravida@protonmail.edu,Ap #468-2540 Scelerisque St.
75,6,8,Louis Knox,1-775-716-9940,malesuada.vel.convallis@google.net,795-3764 Sed Av.
76,4,5,Finn Henson,(848) 634-4423,blandit.congue@yahoo.net,436-1115 Cursus Ave
77,2,6,Jennifer Spears,1-205-587-6763,ut@icloud.edu,"Ap #248-1422 Eu, Rd."
78,7,9,Cooper Pugh,1-378-433-2233,sit.amet@yahoo.edu,Ap #747-1742 Amet Rd.
79,0,1,Vielka Collins,1-615-224-2825,donec.tempor.est@hotmail.net,Ap #919-1307 Eros. St.
80,1,8,Madison Jackson,1-506-674-3819,libero.morbi@yahoo.org,"P.O. Box 874, 243 Nunc Avenue"
81,6,8,Kieran Wagner,1-230-107-6927,tempor.lorem@google.ca,Ap #508-3345 Ac Ave
82,1,1,Mariam Barnett,(373) 514-5427,nisi@outlook.net,985-8518 Lacus Road
83,1,7,Sydney Hancock,1-485-952-6683,duis.a@icloud.ca,9905 Neque. Street
84,9,1,Camilla Dillon,(646) 545-6222,ante@protonmail.couk,295-2864 Mauris Avenue
85,2,6,Amir Barrera,(160) 714-0814,taciti.sociosqu@yahoo.net,Ap #155-6861 Fusce Street
86,9,6,Baxter Hampton,1-851-777-8173,massa.suspendisse.eleifend@outlook.com,"P.O. Box 662, 6926 Egestas Road"
87,8,6,Hilel Wiley,1-647-126-4359,malesuada@outlook.org,Ap #181-2869 Quis Ave
88,4,7,Buffy Christensen,(333) 710-5826,id.magna@google.edu,Ap #878-5143 Ornare Ave
89,2,6,Justin Langley,(322) 424-6974,tristique.senectus@protonmail.net,"P.O. Box 787, 4155 Amet St."
90,1,2,Jaquelyn Bowers,1-487-388-5367,suspendisse.commodo.tincidunt@google.edu,Ap #293-9916 Diam Avenue
91,8,8,Joseph Mclean,1-821-351-7110,mauris.erat@protonmail.org,218-2935 Tellus Rd.
92,2,6,Eaton Suarez,(219) 103-7146,nisl.arcu@aol.couk,"682-2648 At, St."
93,1,4,Hyatt Ortiz,(972) 234-4528,vivamus.euismod@yahoo.net,Ap #144-7544 Mollis. Street
94,3,8,Byron Shaw,(385) 333-8161,in.magna.phasellus@aol.com,"P.O. Box 326, 5155 Sit Road"
95,3,9,Mercedes Mccullough,1-392-600-8621,massa@yahoo.net,Ap #633-4996 Tempor Rd.
96,10,7,Carly Rocha,(364) 821-8313,vel.pede@google.org,561-7333 Vulputate Ave
97,7,5,Dara Dyer,(443) 614-4732,adipiscing.fringilla@aol.edu,248-3914 Vel Rd.
98,4,1,Beau Mueller,(684) 721-4074,mi.duis@outlook.ca,743-7028 Bibendum Rd.
99,4,10,Kennan Sweeney,(646) 415-1861,aliquam.eu@google.ca,661-9626 Morbi Avenue
100,7,9,Quentin Mathews,1-340-906-2181,hendrerit.a.arcu@google.com,"Ap #274-7344 Non, St."
